{
  "learned_losses": [
    2.995695098959946,
    2.9952834447086794,
    2.9943381032313905,
    2.989337675770729,
    2.988159093198294,
    2.9827877286417595,
    2.978876666178027,
    2.976585376040062,
    2.971475664721772,
    2.9697732855599797,
    2.964837621458471,
    2.97621422684349,
    2.9882911166230395,
    2.9895614067028253,
    2.985082204569539,
    2.9946968537801366,
    2.993848940498612,
    2.9896774158724293,
    2.9995030834773413,
    3.00913908093727,
    3.0053910062172493,
    3.0011456250970046,
    3.0123937612309417,
    3.010576659742773,
    3.0007237214258105
  ],
  "traditional_losses": [
    2.9945341015915328,
    2.994723564183699,
    2.994845963400044,
    2.995300204688618,
    2.9950911510754445,
    2.9952788417189127,
    2.994719504831839,
    2.994815061280376,
    2.995255375009126,
    2.9937564003389365,
    2.992196391150454,
    2.992067967442149,
    2.991805624314215,
    2.99257144207522,
    2.993888274105893,
    2.994211945200312,
    2.9955352398063093,
    2.995546067451196,
    2.9951330383535617,
    2.994570191530498,
    2.9946054181067017,
    2.995360501181168,
    2.9959505037196372,
    2.9936827148161935,
    2.993670194695127
  ],
  "autoencoder_losses": [
    0.33662181875381164,
    0.33763253899735396,
    0.3377949394831874,
    0.33777147407932206,
    0.3387360660140668,
    0.33985388323295046,
    0.3401290843511648,
    0.34080985903402733,
    0.34044354524072834,
    0.3403330063151574,
    0.3411098959816441,
    0.34201334256000826,
    0.34302519494627115,
    0.34345760222294797,
    0.34279117550190025
  ],
  "metadata": {
    "vocab_size": 20,
    "compression_ratio": 8.0
  }
}